,watch_code,watch_brand,watch_collection,watch_reference,watch_price,watch_movement,watch_case,watch_dial,watch_strap,watch_markers,watch_guarantee,watch_category,watch_recipient
0,17580962,Audemars Piguet,Royal Oak Offshore,26420TI.OO.A027CA.01,"£33,000.00",Automatic,Titanium,Blue,Rubber,Batons,Audemars Piguet 2 Year Guarantee,Watches,For Him
1,17580961,Audemars Piguet,Royal Oak Offshore,26420SO.OO.A600CA.01,"£34,100.00",Automatic,Ceramic & Stainless Steel,Brown,Rubber,Batons,Audemars Piguet 2 Year Guarantee,Watches,For Him
2,17580960,Audemars Piguet,Royal Oak Offshore,26420SO.OO.A002CA.01,"£34,100.00",Automatic,Ceramic & Stainless Steel,Black,Rubber,Batons,Audemars Piguet 2 Year Guarantee,Watches,For Him
3,17580959,Audemars Piguet,Royal Oak Offshore,26420RO.OO.A002CA.01,"£51,100.00",Automatic,Ceramic & 18ct Rose Gold,Black,Rubber,Batons,Audemars Piguet 2 Year Guarantee,Watches,For Him
4,17580958,Audemars Piguet,Royal Oak Offshore,26420IO.OO.A009CA.01,"£34,100.00",Automatic,null,Grey,Rubber,Batons,Audemars Piguet 2 Year Guarantee,Watches,For Him
5,17580945,Audemars Piguet,Royal Oak Diver Offshore,15720ST.OO.A052CA.01,"£23,100.00",Automatic,Stainless Steel,Green,Rubber,Batons,Audemars Piguet 2 Year Guarantee,Watches,For Him
6,17580910,Audemars Piguet,Royal Oak Diver Offshore,15720ST.OO.A027CA.01,"£23,100.00",Automatic,Stainless Steel,Navy,Rubber,Batons,Audemars Piguet 2 Year Guarantee,Watches,For Him
7,17580909,Audemars Piguet,Royal Oak Diver Offshore,15720ST.OO.A009CA.01,"£23,100.00",Automatic,Stainless Steel,Grey,Rubber,Batons,Audemars Piguet 2 Year Guarantee,Watches,For Him
8,17580888,Audemars Piguet,Royal Oak Offshore,26231OR.ZZ.D003CA.01,"£44,700.00",Automatic,18ct Rose Gold,Silver,Rubber,Batons,Audemars Piguet 2 Year Guarantee,Watches,For Her
9,17580887,Audemars Piguet,Royal Oak Offshore,26231ST.ZZ.D027CA.01,"£30,300.00",Automatic,Stainless Steel,Blue,Rubber,Batons,Audemars Piguet 2 Year Guarantee,Watches,For Her
10,17580873,Audemars Piguet,Royal Oak,77351ST.ZZ.1261ST.01,"£24,600.00",Automatic,18ct Rose Gold,Silver,18ct Rose Gold,null,Audemars Piguet 2 Year Guarantee,Watches,For Her
11,17580872,Audemars Piguet,Royal Oak,77351OR.ZZ.1261OR.01,"£46,400.00",Automatic,18ct Rose Gold,Silver,18ct Rose Gold,null,Audemars Piguet 2 Year Guarantee,Watches,For Her
12,17580869,Audemars Piguet,Royal Oak,15500OR.OO.D002CR.01,"£33,800.00",Automatic,18ct Rose Gold,Black,Alligator,Batons,Audemars Piguet 2 Year Guarantee,Watches,For Him
13,17580868,Audemars Piguet,Royal Oak,15500OR.OO.1220OR.01,"£52,800.00",Automatic,18ct Rose Gold,Black,18ct Rose Gold,Batons,Audemars Piguet 2 Year Guarantee,Watches,For Him
14,17580867,Audemars Piguet,Royal Oak,77350ST.OO.1261ST.01,"£19,200.00",Automatic,Stainless Steel,Silver,Stainless Steel,null,Audemars Piguet 2 Year Guarantee,Watches,For Her
15,17580866,Audemars Piguet,Royal Oak,77350SR.OO.1261SR.01,"£22,600.00",Automatic,Stainless Steel,Silver,Stainless Steel,null,Audemars Piguet 2 Year Guarantee,Watches,For Her
16,17580806,Audemars Piguet,Royal Oak Offshore,26231ST.ZZ.D002CA.01,"£30,300.00",Automatic,Stainless Steel,Black,Rubber,Batons,Audemars Piguet 2 Year Guarantee,Watches,For Her
17,17580804,Audemars Piguet,Royal Oak,67650ST.OO.1261ST.01,"£13,800.00",Quartz,Stainless Steel,Black,Stainless Steel,Batons,Audemars Piguet 2 Year Guarantee,Watches,For Her
18,17580803,Audemars Piguet,Royal Oak,67651SR.ZZ.1261SR.01,"£21,000.00",Quartz,Stainless Steel,Silver,Stainless Steel,Arabic Numerals,Audemars Piguet 2 Year Guarantee,Watches,For Her
19,17311178,Cartier,Tank Must,WSTA0041,"£2,310.00",Quartz,Stainless Steel,Silver,Calf,Roman Numerals,2 years + 6 years through Cartier Care registration,Watches,For Her
20,17311180,Cartier,Tank Must,WSTA0051,"£2,500.00",Quartz,Stainless Steel,Silver,Stainless Steel,Roman Numerals,2 years + 6 years through Cartier Care registration,Watches,For Her
21,17310953,Cartier,Santos de Cartier,WSSA0018/WSSA0009,"£6,250.00",Automatic,Stainless Steel,Silver,Stainless Steel,Roman Numerals,2 years + 6 years through Cartier Care registration,Watches,For Him
22,17310952,Cartier,Santos de Cartier,WSSA0029,"£5,700.00",Automatic,Stainless Steel,Silver,Stainless Steel,Roman Numerals,2 years + 6 years through Cartier Care registration,Watches,For Him
23,17311097,Cartier,Santos de Cartier,WSSA0037,"£6,600.00",Automatic,Stainless Steel,Grey,Stainless Steel,Roman Numerals,2 years + 6 years through Cartier Care registration,Watches,For Him
24,17311181,Cartier,Tank Must,WSTA0052,"£2,620.00",Quartz,Stainless Steel,Silver,Stainless Steel,Roman Numerals,2 years + 6 years through Cartier Care registration,Watches,For Her
25,17311098,Cartier,Santos de Cartier,WSSA0039,"£6,800.00",Automatic,Stainless Steel,Black,Rubber,Roman Numerals,2 years + 6 years through Cartier Care registration,Watches,For Him
26,17310192,Cartier,Tank Française,W51008Q3,"£2,970.00",Quartz,Stainless Steel,Silver,Stainless Steel,Roman Numerals,2 years + 6 years through Cartier Care registration,Watches,For Her
27,17310956,Cartier,Santos de Cartier,W2SA0016/W2SA0007,"£8,350.00",Automatic,Stainless Steel,Silver,Stainless Steel,Roman Numerals,2 years + 6 years through Cartier Care registration,Watches,For Him
28,17310957,Cartier,Santos de Cartier,W2SA0009,"£9,450.00",Automatic,Stainless Steel,Silver,Stainless Steel,Roman Numerals,2 years + 6 years through Cartier Care registration,Watches,For Him
29,17310191,Cartier,Tank Française,WSTA0005,"£3,500.00",Quartz,Stainless Steel,Silver,Stainless Steel,Roman Numerals,2 years + 6 years through Cartier Care registration,Watches,For Her
30,17311182,Cartier,Tank Must,WSTA0053,"£3,450.00",Automatic,Stainless Steel,Silver,Stainless Steel,Roman Numerals,2 years + 6 years through Cartier Care registration,Watches,For Him
31,17310404,Cartier,Ronde de Cartier,W6701004,"£2,490.00",Quartz,Stainless Steel,Silver,Stainless Steel,Roman Numerals,2 years + 6 years through Cartier Care registration,Watches,For Her
32,17311177,Cartier,Tank Must,WSTA0040,"£3,150.00",Automatic,Stainless Steel,Silver,Calf,Roman Numerals,2 years + 6 years through Cartier Care registration,Watches,For Him
33,17310459,Cartier,Ballon Bleu de Cartier,WSBB0048,"£5,350.00",Automatic,Stainless Steel,Silver,Stainless Steel,Roman Numerals,2 years + 6 years through Cartier Care registration,Watches,For Her
34,17310165,Cartier,Tank Française,W51007Q4,"£5,100.00",Quartz,Stainless Steel,Silver,Bicoloured,Roman Numerals,2 years + 6 years through Cartier Care registration,Watches,For Her
